Hidden Sun's Zenith,qqqqqaewawaweqa
Instant Aegis,qaweqqwqqewaqeqqqqqad
Induce Mending,waqdqqwqqdqawwqqqqqaqedeq
Cleanse Status,eeeeedaqdewed
Apothecary's Purification,qqqqqedwd
Apothecary's Purification II,eeeeeqawa
Pharmacist's Distillation,qqqqqedwdwd
Pharmacist's Dstln. II,eeeeeqawawa
Zone Exaltation: Status,ewqqqqqwe
Zone Exaltation: Not-Status,qweeeeewq
Entity Distillation: Status,eaeeeeeae
Ablation Purification,wqeawaqddaqw
Scout's Exaltation,wqded
Entropy Reflection II,eeeeq
Hashing Purification,qqawqaqw
undocumented hash-to-numbers pattern,eedwedew
Postage Purification,qdeaaqqqqq
Menderbug's Reflection,qwdea
Menderbug's Reflection II,aedwq
Flock's Purification,qwaeawqaqdedd
Flock's Reflection II,qwaeawqaqded
Clearance Purification,qaqqqqqdaqa
Seshat's Gambit,qaeaqdadad
Seshat's Reflection,wqaqwadad
No,wwaedadqdqdqdade
State Purification,qaqqqqqwwdwewdw
State Distillation,qaqqqqqdwawqwaw
Equestrian Purification,eqqaqqwaaw
Equestrian Purification II,eeedeewaaw
Aviator's Purification II,dwdwdewqded
Aviator's Purification III,dwdwdewqdedd
Decorator's Purification,wwawwqwwawwaeae
Decorator's Gambit,wwawwqwwawwaqdq
Network Distillation,eqqqqqaweqaeaq
Routing Distillation,eqqqqqaweqaeaqa
Network Gateway,qqqqqwdeddwdawqqqwaq
Particle Burst,deeeewaaddwqqqqa
Externalize Pigment,eqdweeqdwweeqddqdwwwdeww
Postman's Gambit,qde
Postman's Gambit II,qdeqa
Ride Wisp,aqadqqdaqa
Dismount,awqqaee
Terminate Flight,awawaawe
