Rejection Distillation,qaeaqda
Apply Pigment,eqdeeqdweeqddqdwwdew
Vacant Reflection: Map,dqdwdqd
Deallocator's Gambit,aqqqqqdeeweweweweeaaedeqedeewwdd
Classifier Purification II,aqqqqqdeeweweweweeaaedeqedeeaeeee
Classifier Purification I,aqqqqqdeeweweweweeaaedeqedeedqqqq
Constructor Purification I,aqqqqqdeeweweweweeaaedeqedeedqqqqaw
Constructor Purification II,aqqqqqdeeweweweweeaaedeqedeeaeeeedw
Allocator's Purification,aqqqqqdeeweweweweeaaedeqedeewwaa
Patchwork Exaltation,deaqqwqqqeaeqqqeadedaqaaee
Murmur Reflection,wwaqwa
Importer's Purification,edwaqa
Secretary's Purification: Byte,edwaqw
Secretary's Purification: Short,edwaqww
Secretary's Purification: Integer,edwaqwww
Secretary's Purification: Long,edwaqwwww
Secretary's Purification: Double,edwaqwaawaa
Secretary's Purification: Float,edwaqwaa
Secretary's Reflection: Vacant Byte Array,eedwaqqe
Secretary's Reflection: Vacant Short Array,eedwaqqew
Secretary's Reflection: Vacant Integer Array,eedwaqqewww
Secretary's Reflection: Collection,qqddqdewqaeaaee
Secretary's Reflection: Vacant List,eedwaqq
Exporter's Purification,edwaq
Greater Reveal,deqed
Ferris Distillation,qaeaqweeee
hexcasting.action.hexic:spellmind/restore,deeeeeqdwewewewewewqdwwewwewwewwewwewwqdwwwewwwewwwewwwewwwewww
hexcasting.action.hexic:spellmind/save,aqqqqqeawqwqwqwqwqweawwqwwqwwqwwqwwqwweawwwqwwwqwwwqwwwqwwwqwww
Lani's Greater Gambit,wwwwwaqqqqqeaqeaeaeaeaeq
Lani's Lesser Gambit,wwwaqqqqqeaqeaeaeaeaeq
Retention Distillation,qaeaqwd
Tripwire Reflection,edewqwaqede
