Spatial Reflection,wqwqwqwqwqwaeqqe
Spatial Reflection II,wqwqwqwqwqwaqeeq
Homeland Reflection,wqwqwqwqwqwawedewdwedew
Inferno Reflection,wqwqwqwqwqwaqaaqaw
Atlas' Decomposition,awqqqwqwqwqwqwq
Ratio Purification,wawawqwqwqwqwqw
Baton Reflection,qwqqqwqawa
Baton Reflection II,qwqqqwqawaa
Metronome Reflection,qwqqqwqawaaw
Williams' Reflection,qeeweeewddw
Williams' Gambit,eqqwqqqwaaw
Williams' Reflection II,qwaqawewewaqawewddw
Williams' Gambit II,ewdedwqwqwdedwqwaaw
Retrieve Idea,qwqwqwqwqwqqqwedewq
Metadata Purification,qwqwqwqwqwqqqeqaqeq
Metadata Distillation,qwqwqwqwqwqaeqedeqe
Scrutinize Sentinel,waeawaeddwwd
Discern Shroud,qqqqqwwaawewaawdww
Metronome Gambit,qwqqqwqaqddq
Finale,aqdeeweeew
Encore,deaqqwqqqw
Conductor's Reflection,qwqqqwqaeaqa
Conductor's Reflection II,qwqqqwqaqded
Inscribe Idea,eweweweweweeewqaqwe
Soulprint Reflection,qqaqwedee
Sign Item,qqaqwedeea
Signature Purification,qqaqwedeed
Circle,wwwwwwqwwwwwwqwwwwwwqwwwwwwqwwwwwwqwwwwww
Cellular Generation,qqwqwqwaqeee
Conduct Rod,eqqqqqawweqqqqqawweqqqqqawwdeqewwwwweqeeeqewwwwweqe
Craft Bottomless Trinket,wwqeeeeewqqqqqewwaqeqwqeqqqeqwqeq
Noetic Gateway,qeewwwweeqeqeewwwweeqdqqdwwwdqeqdwwwdqdadwwdqdwwddadaqadaawww
Media Infusion,wwaqqqqqeqqqwwwqqeqqwwwqqweqadadadaqeqeqadadadaqe
Spatial Interchange,wqqqwwwwwqqqwwwqdaqadwqqwdaqadweqeqqqqeqeqaqeqedeqeqa
Stealth Shroud,wawwwdwdwwaqqqqqe
Uplifting Resonance,qdaeqeawaeqeadqqdeed
Empower Mind Render,qweqadeqadeqadqqqwdaqedaqedaqeqaqdwawdwawdwaqawdwawdwawddwwwwwqdeddw
Instill Psyche,qeqwqqedeeeeeaqwqeqaqedqde
Heimdall's Gambit,wqwqwqwqwqwaqdeaqqe
Shift Sentinel,wwaeawwaeqqwqwqwqwqwq
Stabilize Matter,wwqwwqwwqwwqwwqwwaeqwwqqqwwqaeadaqadaawww
